{"cameraMode":{"drawMode":0,"name":"Shaded","section":"Shading Mode"},"sceneLighting":false,"audioPlay":false,"sceneViewState":{"m_AlwaysRefresh":false,"showFog":true,"showSkybox":true,"showFlares":true,"showImageEffects":true,"showParticleSystems":true,"showVisualEffectGraphs":true,"m_FxEnabled":true},"in2DMode":false,"pivot":{"x":47.951202392578128,"y":0.21857833862304688,"z":59.959564208984378},"rotation":{"x":-0.5309059619903565,"y":0.018304480239748956,"z":-0.011459695175290108,"w":-0.8471665382385254},"size":21.855173110961915,"orthographic":false}