{"cameraMode":{"drawMode":0,"name":"Shaded","section":"Shading Mode"},"sceneLighting":false,"audioPlay":false,"sceneViewState":{"m_AlwaysRefresh":false,"showFog":true,"showSkybox":true,"showFlares":true,"showImageEffects":true,"showParticleSystems":true,"showVisualEffectGraphs":true,"m_FxEnabled":true},"in2DMode":false,"pivot":{"x":1037.6141357421875,"y":27.25860595703125,"z":21.44973373413086},"rotation":{"x":0.26766690611839297,"y":0.12416476756334305,"z":-0.03480590507388115,"w":0.9548450708389282},"size":8.301671981811524,"orthographic":false}