{"cameraMode":{"drawMode":0,"name":"Shaded","section":"Shading Mode"},"sceneLighting":false,"audioPlay":false,"sceneViewState":{"m_AlwaysRefresh":false,"showFog":true,"showSkybox":true,"showFlares":true,"showImageEffects":true,"showParticleSystems":true,"showVisualEffectGraphs":true,"m_FxEnabled":true},"in2DMode":false,"pivot":{"x":277.3055114746094,"y":262.05615234375,"z":-190.42437744140626},"rotation":{"x":-0.06476449966430664,"y":0.0020926271099597217,"z":-0.0001359007292194292,"w":-0.9979010224342346},"size":129.97158813476563,"orthographic":false}