{"cameraMode":{"drawMode":0,"name":"Shaded","section":"Shading Mode"},"sceneLighting":false,"audioPlay":false,"sceneViewState":{"m_AlwaysRefresh":false,"showFog":true,"showSkybox":true,"showFlares":true,"showImageEffects":true,"showParticleSystems":true,"showVisualEffectGraphs":true,"m_FxEnabled":true},"in2DMode":false,"pivot":{"x":416.55718994140627,"y":247.59039306640626,"z":3.159698486328125},"rotation":{"x":-0.22830061614513398,"y":-0.23189397156238557,"z":0.05608765035867691,"w":-0.9439089894294739},"size":381.7526550292969,"orthographic":false}