{"cameraMode":{"drawMode":0,"name":"Shaded","section":"Shading Mode"},"sceneLighting":false,"audioPlay":false,"sceneViewState":{"m_AlwaysRefresh":false,"showFog":true,"showSkybox":false,"showFlares":true,"showImageEffects":true,"showParticleSystems":true,"showVisualEffectGraphs":true,"m_FxEnabled":true},"in2DMode":false,"pivot":{"x":360.48291015625,"y":27.664745330810548,"z":71.97978973388672},"rotation":{"x":-0.033303167670965198,"y":-0.0008992363000288606,"z":0.00006254732579691336,"w":-0.9994717836380005},"size":47.910545349121097,"orthographic":false}