{"cameraMode":{"drawMode":0,"name":"Shaded","section":"Shading Mode"},"sceneLighting":false,"audioPlay":false,"sceneViewState":{"m_AlwaysRefresh":false,"showFog":true,"showSkybox":false,"showFlares":true,"showImageEffects":true,"showParticleSystems":true,"showVisualEffectGraphs":true,"m_FxEnabled":true},"in2DMode":false,"pivot":{"x":30.581157684326173,"y":-134.67910766601563,"z":151.93972778320313},"rotation":{"x":-0.38433244824409487,"y":-0.03681790828704834,"z":0.015356261283159256,"w":-0.9223535060882568},"size":112.54985046386719,"orthographic":false}